Workbook

Sheet merchant_risk_summary
A3: Row Labels | B3: Sum of amount_usd | C3: Sum of high_value_flag | D3: Sum of high_risk_flag
A4: alpha mart | B4: 476285.5 | C4: 3 | D4: 2
A5: beta stores | B5: 41833 | C5: 2 | D5: 2
A6: city pharma | B6: 8720 | C6: 0 | D6: 0
A7: delta travels | B7: 12800 | C7: 1 | D7: 1
A8: eco home | B8: 9888 | C8: 1 | D8: 1
A9: (blank)
A10: Grand Total | B10: 549526.5 | C10: 7 | D10: 6

Sheet transactions_raw
A1: transaction_id | B1: transaction_date | C1: merchant_name | D1: raw_amount | E1: currency | F1: status | G1: risk_score | H1: gateway_region | I1: user_id | J1: payment_method | K1: merchant_name_helper | L1: status_helper | M1: status_helper_1 | N1: gateway_region_helper | O1: payment_method_helper | P1: risk_score_helper | Q1: exchange_key | R1: exchange_rate | S1: amount_usd | T1: high_value_flag | U1: high_risk_flag
A2: T001 | B2: 46082 | C2: alpha mart | D2: 420000 | E2: INR | F2: captured | G2: score:62 | H2: APAC | I2: U001 | J2: UPI | K2: =LOWER(TRIM(C2)) -> alpha mart | L2: captured | M2: =IF(L2="captured","completed", IF(L2="failed e05 timeout","failed", IF(L2="chargeback","chargeback", "pending"))) -> completed | N2: =UPPER(TRIM(H2)) -> APAC | O2: =TRIM(J2) -> UPI | P2: =IFERROR(VALUE(G2),0) -> 0 | Q2: =TEXT(B2,"dd-mm-yyyy") & E2 -> 01-03-2026INR | R2: =_xlfn.XLOOKUP(Q3, exchange_rates!D:D, exchange_rates!C:C) -> 0.0119 | S2: =D2 * R2 -> 4998 | T2: =IF(AND(N2="APAC", S2>5000),1, IF(AND(N2="EU", S2>6000),1, IF(AND(N2="US", S2>7000),1,0))) -> 0 | U2: =IF(OR(P2>=70, ISNUMBER(SEARCH("chargeback", L2))),1,0) -> 0
A3: T003 | B3: 46082 | C3: BETA STORES | D3: 510000 | E3: INR | F3: CAPTURED | G3: 71 | H3: APAC | I3: U003 | J3: NetBanking | K3: =LOWER(TRIM(C3)) -> beta stores | L3: =LOWER(TRIM(F3)) -> captured | M3: =IF(L3="captured","completed", IF(L3="failed e05 timeout","failed", IF(L3="chargeback","chargeback", "pending"))) -> completed | N3: =UPPER(TRIM(H3)) -> APAC | O3: =TRIM(J3) -> NetBanking | P3: =IFERROR(VALUE(G3),0) -> 71 | Q3: =TEXT(B3,"dd-mm-yyyy") & E3 -> 01-03-2026INR | R3: =_xlfn.XLOOKUP(Q4, exchange_rates!D:D, exchange_rates!C:C) -> 0.012 | S3: =D3 * R3 -> 6120 | T3: =IF(AND(N3="APAC", S3>5000),1, IF(AND(N3="EU", S3>6000),1, IF(AND(N3="US", S3>7000),1,0))) -> 1 | U3: =IF(OR(P3>=70, ISNUMBER(SEARCH("chargeback", L3))),1,0) -> 1
A4: T004 | B4: 46083 | C4: Beta Stores | D4: 160000 | E4: INR | F4: failed e05 timeout | G4: 68 | H4: apac | I4: U004 | J4: Card | K4: =LOWER(TRIM(C4)) -> beta stores | L4: =LOWER(TRIM(F4)) -> failed e05 timeout | M4: =IF(L4="captured","completed", IF(L4="failed e05 timeout","failed", IF(L4="chargeback","chargeback", "pending"))) -> failed | N4: =UPPER(TRIM(H4)) -> APAC | O4: =TRIM(J4) -> Card | P4: =IFERROR(VALUE(G4),0) -> 68 | Q4: =TEXT(B4,"dd-mm-yyyy") & E4 -> 02-03-2026INR | R4: =_xlfn.XLOOKUP(Q5, exchange_rates!D:D, exchange_rates!C:C) -> 0.012 | S4: =D4 * R4 -> 1920 | T4: =IF(AND(N4="APAC", S4>5000),1, IF(AND(N4="EU", S4>6000),1, IF(AND(N4="US", S4>7000),1,0))) -> 0 | U4: =IF(OR(P4>=70, ISNUMBER(SEARCH("chargeback", L4))),1,0) -> 0
A5: T005 | B5: 46083 | C5: Alpha Mart | D5: 390000 | E5: INR | F5: CAPTURED | G5: 58 | I5: U001 | J5: UPI | K5: =LOWER(TRIM(C5)) -> alpha mart | L5: =LOWER(TRIM(F5)) -> captured | M5: =IF(L5="captured","completed", IF(L5="failed e05 timeout","failed", IF(L5="chargeback","chargeback", "pending"))) -> completed | N5: =UPPER(TRIM(H5)) | O5: =TRIM(J5) -> UPI | P5: =IFERROR(VALUE(G5),0) -> 58 | Q5: =TEXT(B5,"dd-mm-yyyy") & E5 -> 02-03-2026INR | R5: =_xlfn.XLOOKUP(Q6, exchange_rates!D:D, exchange_rates!C:C) -> 0.012 | S5: =D5 * R5 -> 4680 | T5: =IF(AND(N5="APAC", S5>5000),1, IF(AND(N5="EU", S5>6000),1, IF(AND(N5="US", S5>7000),1,0))) -> 0 | U5: =IF(OR(P5>=70, ISNUMBER(SEARCH("chargeback", L5))),1,0) -> 0
A6: T006 | B6: 46083 | C6: Beta Stores | D6: 275000 | E6: INR | F6: Captured | G6: score:64 | I6: U005 | J6: Wallet | K6: =LOWER(TRIM(C6)) -> beta stores | L6: =LOWER(TRIM(F6)) -> captured | M6: =IF(L6="captured","completed", IF(L6="failed e05 timeout","failed", IF(L6="chargeback","chargeback", "pending"))) -> completed | N6: =UPPER(TRIM(H6)) | O6: =TRIM(J6) -> Wallet | P6: =IFERROR(VALUE(G6),0) -> 0 | Q6: =TEXT(B6,"dd-mm-yyyy") & E6 -> 02-03-2026INR | R6: =_xlfn.XLOOKUP(Q7, exchange_rates!D:D, exchange_rates!C:C) -> 0.012 | S6: =D6 * R6 -> 3300 | T6: =IF(AND(N6="APAC", S6>5000),1, IF(AND(N6="EU", S6>6000),1, IF(AND(N6="US", S6>7000),1,0))) -> 0 | U6: =IF(OR(P6>=70, ISNUMBER(SEARCH("chargeback", L6))),1,0) -> 0
A7: T007 | B7: 46083 | C7: Alpha Mart | D7: 450000 | E7: INR | F7: chargeback | G7: risk-83 | H7: APAC | I7: U006 | J7: Card | K7: =LOWER(TRIM(C7)) -> alpha mart | L7: =LOWER(TRIM(F7)) -> chargeback | M7: =IF(L7="captured","completed", IF(L7="failed e05 timeout","failed", IF(L7="chargeback","chargeback", "pending"))) -> chargeback | N7: =UPPER(TRIM(H7)) -> APAC | O7: =TRIM(J7) -> Card | P7: =IFERROR(VALUE(G7),0) -> 0 | Q7: =TEXT(B7,"dd-mm-yyyy") & E7 -> 02-03-2026INR | R7: =_xlfn.XLOOKUP(Q8, exchange_rates!D:D, exchange_rates!C:C) -> 0.0121 | S7: =D7 * R7 -> 5445 | T7: =IF(AND(N7="APAC", S7>5000),1, IF(AND(N7="EU", S7>6000),1, IF(AND(N7="US", S7>7000),1,0))) -> 1 | U7: =IF(OR(P7>=70, ISNUMBER(SEARCH("chargeback", L7))),1,0) -> 1
A8: T008 | B8: 46084 | C8: BETA STORES | D8: 340000 | E8: INR | F8: Captured | G8: 59 | I8: U007 | J8: UPI | K8: =LOWER(TRIM(C8)) -> beta stores | L8: =LOWER(TRIM(F8)) -> captured | M8: =IF(L8="captured","completed", IF(L8="failed e05 timeout","failed", IF(L8="chargeback","chargeback", "pending"))) -> completed | N8: =UPPER(TRIM(H8)) | O8: =TRIM(J8) -> UPI | P8: =IFERROR(VALUE(G8),0) -> 59 | Q8: =TEXT(B8,"dd-mm-yyyy") & E8 -> 03-03-2026INR | R8: =_xlfn.XLOOKUP(Q9, exchange_rates!D:D, exchange_rates!C:C) -> 0.0121 | S8: =D8 * R8 -> 4114 | T8: =IF(AND(N8="APAC", S8>5000),1, IF(AND(N8="EU", S8>6000),1, IF(AND(N8="US", S8>7000),1,0))) -> 0 | U8: =IF(OR(P8>=70, ISNUMBER(SEARCH("chargeback", L8))),1,0) -> 0
A9: T009 | B9: 46084 | C9: Alpha Mart | D9: 125000 | E9: INR | F9: captured | G9: 46 | H9: APAC | I9: U002 | J9: Wallet | K9: =LOWER(TRIM(C9)) -> alpha mart | L9: =LOWER(TRIM(F9)) -> captured | M9: =IF(L9="captured","completed", IF(L9="failed e05 timeout","failed", IF(L9="chargeback","chargeback", "pending"))) -> completed | N9: =UPPER(TRIM(H9)) -> APAC | O9: =TRIM(J9) -> Wallet | P9: =IFERROR(VALUE(G9),0) -> 46 | Q9: =TEXT(B9,"dd-mm-yyyy") & E9 -> 03-03-2026INR | R9: =_xlfn.XLOOKUP(Q10, exchange_rates!D:D, exchange_rates!C:C) -> 0.0121 | S9: =D9 * R9 -> 1512.5 | T9: =IF(AND(N9="APAC", S9>5000),1, IF(AND(N9="EU", S9>6000),1, IF(AND(N9="US", S9>7000),1,0))) -> 0 | U9: =IF(OR(P9>=70, ISNUMBER(SEARCH("chargeback", L9))),1,0) -> 0
A10: T010 | B10: 46084 | C10: Beta Stores | D10: 610000 | E10: INR | F10: captured | G10: risk-77 | I10: U003 | J10: Card | K10: =LOWER(TRIM(C10)) -> beta stores | L10: =LOWER(TRIM(F10)) -> captured | M10: =IF(L10="captured","completed", IF(L10="failed e05 timeout","failed", IF(L10="chargeback","chargeback", "pending"))) -> completed | N10: =UPPER(TRIM(H10)) | O10: =TRIM(J10) -> Card | P10: =IFERROR(VALUE(G10),0) -> 0 | Q10: =TEXT(B10,"dd-mm-yyyy") & E10 -> 03-03-2026INR | R10: =_xlfn.XLOOKUP(Q11, exchange_rates!D:D, exchange_rates!C:C) -> 0.0121 | S10: =D10 * R10 -> 7381 | T10: =IF(AND(N10="APAC", S10>5000),1, IF(AND(N10="EU", S10>6000),1, IF(AND(N10="US", S10>7000),1,0))) -> 0 | U10: =IF(OR(P10>=70, ISNUMBER(SEARCH("chargeback", L10))),1,0) -> 0
A11: T011 | B11: 46084 | C11: Alpha Mart | D11: 195000 | E11: INR | F11: FAILED e05 TIMEOUT | I11: U008 | J11: UPI | K11: =LOWER(TRIM(C11)) -> alpha mart | L11: =LOWER(TRIM(F11)) -> failed e05 timeout | M11: =IF(L11="captured","completed", IF(L11="failed e05 timeout","failed", IF(L11="chargeback","chargeback", "pending"))) -> failed | N11: =UPPER(TRIM(H11)) | O11: =TRIM(J11) -> UPI | P11: =IFERROR(VALUE(G11),0) -> 0 | Q11: =TEXT(B11,"dd-mm-yyyy") & E11 -> 03-03-2026INR | R11: =_xlfn.XLOOKUP(Q12, exchange_rates!D:D, exchange_rates!C:C) -> 0.012 | S11: =D11 * R11 -> 2340 | T11: =IF(AND(N11="APAC", S11>5000),1, IF(AND(N11="EU", S11>6000),1, IF(AND(N11="US", S11>7000),1,0))) -> 0 | U11: =IF(OR(P11>=70, ISNUMBER(SEARCH("chargeback", L11))),1,0) -> 0
A12: T012 | B12: 46085 | C12: Beta Stores | D12: 250000 | E12: INR | F12: captured | G12: risk-61 | H12: APAC | I12: U009 | J12: Card | K12: =LOWER(TRIM(C12)) -> beta stores | L12: =LOWER(TRIM(F12)) -> captured | M12: =IF(L12="captured","completed", IF(L12="failed e05 timeout","failed", IF(L12="chargeback","chargeback", "pending"))) -> completed | N12: =UPPER(TRIM(H12)) -> APAC | O12: =TRIM(J12) -> Card | P12: =IFERROR(VALUE(G12),0) -> 0 | Q12: =TEXT(B12,"dd-mm-yyyy") & E12 -> 04-03-2026INR | R12: =_xlfn.XLOOKUP(Q13, exchange_rates!D:D, exchange_rates!C:C) -> 0.012 | S12: =D12 * R12 -> 3000 | T12: =IF(AND(N12="APAC", S12>5000),1, IF(AND(N12="EU", S12>6000),1, IF(AND(N12="US", S12>7000),1,0))) -> 0 | U12: =IF(OR(P12>=70, ISNUMBER(SEARCH("chargeback", L12))),1,0) -> 0
A13: T013 | B13: 46085 | C13: alpha mart | D13: 310000 | E13: INR | F13: captured | G13: score:54 | H13: APAC | I13: U010 | J13: UPI | K13: =LOWER(TRIM(C13)) -> alpha mart | L13: =LOWER(TRIM(F13)) -> captured | M13: =IF(L13="captured","completed", IF(L13="failed e05 timeout","failed", IF(L13="chargeback","chargeback", "pending"))) -> completed | N13: =UPPER(TRIM(H13)) -> APAC | O13: =TRIM(J13) -> UPI | P13: =IFERROR(VALUE(G13),0) -> 0 | Q13: =TEXT(B13,"dd-mm-yyyy") & E13 -> 04-03-2026INR | R13: =_xlfn.XLOOKUP(Q14, exchange_rates!D:D, exchange_rates!C:C) -> 0.012 | S13: =D13 * R13 -> 3720 | T13: =IF(AND(N13="APAC", S13>5000),1, IF(AND(N13="EU", S13>6000),1, IF(AND(N13="US", S13>7000),1,0))) -> 0 | U13: =IF(OR(P13>=70, ISNUMBER(SEARCH("chargeback", L13))),1,0) -> 0
A14: T014 | B14: 46085 | C14: Beta Stores | D14: 470000 | E14: INR | F14: captured | G14: risk-73 | H14: APAC | I14: U001 | J14: NetBanking | K14: =LOWER(TRIM(C14)) -> beta stores | L14: =LOWER(TRIM(F14)) -> captured | M14: =IF(L14="captured","completed", IF(L14="failed e05 timeout","failed", IF(L14="chargeback","chargeback", "pending"))) -> completed | N14: =UPPER(TRIM(H14)) -> APAC | O14: =TRIM(J14) -> NetBanking | P14: =IFERROR(VALUE(G14),0) -> 0 | Q14: =TEXT(B14,"dd-mm-yyyy") & E14 -> 04-03-2026INR | R14: =_xlfn.XLOOKUP(Q15, exchange_rates!D:D, exchange_rates!C:C) -> 0.012 | S14: =D14 * R14 -> 5640 | T14: =IF(AND(N14="APAC", S14>5000),1, IF(AND(N14="EU", S14>6000),1, IF(AND(N14="US", S14>7000),1,0))) -> 1 | U14: =IF(OR(P14>=70, ISNUMBER(SEARCH("chargeback", L14))),1,0) -> 0
A15: T015 | B15: 46085 | C15: Alpha Mart | D15: 130000 | E15: INR | F15: captured | G15: score:52 | I15: U002 | J15: Card | K15: =LOWER(TRIM(C15)) -> alpha mart | L15: =LOWER(TRIM(F15)) -> captured | M15: =IF(L15="captured","completed", IF(L15="failed e05 timeout","failed", IF(L15="chargeback","chargeback", "pending"))) -> completed | N15: =UPPER(TRIM(H15)) | O15: =TRIM(J15) -> Card | P15: =IFERROR(VALUE(G15),0) -> 0 | Q15: =TEXT(B15,"dd-mm-yyyy") & E15 -> 04-03-2026INR | R15: =_xlfn.XLOOKUP(Q16, exchange_rates!D:D, exchange_rates!C:C) -> 0.0118 | S15: =D15 * R15 -> 1534 | T15: =IF(AND(N15="APAC", S15>5000),1, IF(AND(N15="EU", S15>6000),1, IF(AND(N15="US", S15>7000),1,0))) -> 0 | U15: =IF(OR(P15>=70, ISNUMBER(SEARCH("chargeback", L15))),1,0) -> 0
A16: T016 | B16: 46086 | C16: Beta Stores | D16: 220000 | E16: INR | F16: failed E05 timeout | G16: risk-69 | I16: U008 | J16: Card | K16: =LOWER(TRIM(C16)) -> beta stores | L16: =LOWER(TRIM(F16)) -> failed e05 timeout | M16: =IF(L16="captured","completed", IF(L16="failed e05 timeout","failed", IF(L16="chargeback","chargeback", "pending"))) -> failed | N16: =UPPER(TRIM(H16)) | O16: =TRIM(J16) -> Card | P16: =IFERROR(VALUE(G16),0) -> 0 | Q16: =TEXT(B16,"dd-mm-yyyy") & E16 -> 05-03-2026INR | R16: =_xlfn.XLOOKUP(Q17, exchange_rates!D:D, exchange_rates!C:C) -> 0.0118 | S16: =D16 * R16 -> 2596 | T16: =IF(AND(N16="APAC", S16>5000),1, IF(AND(N16="EU", S16>6000),1, IF(AND(N16="US", S16>7000),1,0))) -> 0 | U16: =IF(OR(P16>=70, ISNUMBER(SEARCH("chargeback", L16))),1,0) -> 0
A17: T017 | B17: 46086 | C17: Beta Stores | D17: 180000 | E17: INR | F17: Failed E05 Timeout | G17: score:72 | H17: apac | I17: U008 | J17: Card | K17: =LOWER(TRIM(C17)) -> beta stores | L17: =LOWER(TRIM(F17)) -> failed e05 timeout | M17: =IF(L17="captured","completed", IF(L17="failed e05 timeout","failed", IF(L17="chargeback","chargeback", "pending"))) -> failed | N17: =UPPER(TRIM(H17)) -> APAC | O17: =TRIM(J17) -> Card | P17: =IFERROR(VALUE(G17),0) -> 0 | Q17: =TEXT(B17,"dd-mm-yyyy") & E17 -> 05-03-2026INR | R17: =_xlfn.XLOOKUP(Q18, exchange_rates!D:D, exchange_rates!C:C) -> 0.0118 | S17: =D17 * R17 -> 2124 | T17: =IF(AND(N17="APAC", S17>5000),1, IF(AND(N17="EU", S17>6000),1, IF(AND(N17="US", S17>7000),1,0))) -> 0 | U17: =IF(OR(P17>=70, ISNUMBER(SEARCH("chargeback", L17))),1,0) -> 0
A18: T018 | B18: 46086 | C18: BETA STORES | D18: 145000 | E18: INR | F18: chargeback | G18: risk-86 | H18: APAC | I18: U008 | J18: UPI | K18: =LOWER(TRIM(C18)) -> beta stores | L18: =LOWER(TRIM(F18)) -> chargeback | M18: =IF(L18="captured","completed", IF(L18="failed e05 timeout","failed", IF(L18="chargeback","chargeback", "pending"))) -> chargeback | N18: =UPPER(TRIM(H18)) -> APAC | O18: =TRIM(J18) -> UPI | P18: =IFERROR(VALUE(G18),0) -> 0 | Q18: =TEXT(B18,"dd-mm-yyyy") & E18 -> 05-03-2026INR | R18: =_xlfn.XLOOKUP(Q19, exchange_rates!D:D, exchange_rates!C:C) -> 0.0118 | S18: =D18 * R18 -> 1711 | T18: =IF(AND(N18="APAC", S18>5000),1, IF(AND(N18="EU", S18>6000),1, IF(AND(N18="US", S18>7000),1,0))) -> 0 | U18: =IF(OR(P18>=70, ISNUMBER(SEARCH("chargeback", L18))),1,0) -> 1
A19: T019 | B19: 46086 | C19: Alpha Mart | D19: 260000 | E19: INR | F19: Failed E05 Timeout | G19: score:67 | H19: apac | I19: U008 | J19: Wallet | K19: =LOWER(TRIM(C19)) -> alpha mart | L19: =LOWER(TRIM(F19)) -> failed e05 timeout | M19: =IF(L19="captured","completed", IF(L19="failed e05 timeout","failed", IF(L19="chargeback","chargeback", "pending"))) -> failed | N19: =UPPER(TRIM(H19)) -> APAC | O19: =TRIM(J19) -> Wallet | P19: =IFERROR(VALUE(G19),0) -> 0 | Q19: =TEXT(B19,"dd-mm-yyyy") & E19 -> 05-03-2026INR | R19: =_xlfn.XLOOKUP(Q20, exchange_rates!D:D, exchange_rates!C:C) -> 0.0118 | S19: =D19 * R19 -> 3068 | T19: =IF(AND(N19="APAC", S19>5000),1, IF(AND(N19="EU", S19>6000),1, IF(AND(N19="US", S19>7000),1,0))) -> 0 | U19: =IF(OR(P19>=70, ISNUMBER(SEARCH("chargeback", L19))),1,0) -> 0
A20: T020 | B20: 46086 | C20: Alpha Mart | D20: 520000 | E20: INR | F20: Captured | G20: 75 | H20: APAC | I20: U005 | J20: UPI | K20: =LOWER(TRIM(C20)) -> alpha mart | L20: =LOWER(TRIM(F20)) -> captured | M20: =IF(L20="captured","completed", IF(L20="failed e05 timeout","failed", IF(L20="chargeback","chargeback", "pending"))) -> completed | N20: =UPPER(TRIM(H20)) -> APAC | O20: =TRIM(J20) -> UPI | P20: =IFERROR(VALUE(G20),0) -> 75 | Q20: =TEXT(B20,"dd-mm-yyyy") & E20 -> 05-03-2026INR | R20: =_xlfn.XLOOKUP(Q21, exchange_rates!D:D, exchange_rates!C:C) -> 0.0119 | S20: =D20 * R20 -> 6188 | T20: =IF(AND(N20="APAC", S20>5000),1, IF(AND(N20="EU", S20>6000),1, IF(AND(N20="US", S20>7000),1,0))) -> 1 | U20: =IF(OR(P20>=70, ISNUMBER(SEARCH("chargeback", L20))),1,0) -> 1
A21: T021 | B21: 46087 | C21: beta stores | D21: 330000 | E21: INR | F21: captured | G21: score:63 | I21: U006 | J21: Card | K21: =LOWER(TRIM(C21)) -> beta stores | L21: =LOWER(TRIM(F21)) -> captured | M21: =IF(L21="captured","completed", IF(L21="failed e05 timeout","failed", IF(L21="chargeback","chargeback", "pending"))) -> completed | N21: =UPPER(TRIM(H21)) | O21: =TRIM(J21) -> Card | P21: =IFERROR(VALUE(G21),0) -> 0 | Q21: =TEXT(B21,"dd-mm-yyyy") & E21 -> 06-03-2026INR | R21: =_xlfn.XLOOKUP(Q22, exchange_rates!D:D, exchange_rates!C:C) -> 0.0119 | S21: =D21 * R21 -> 3927 | T21: =IF(AND(N21="APAC", S21>5000),1, IF(AND(N21="EU", S21>6000),1, IF(AND(N21="US", S21>7000),1,0))) -> 0 | U21: =IF(OR(P21>=70, ISNUMBER(SEARCH("chargeback", L21))),1,0) -> 0
A22: T022 | B22: 46087 | C22: ALPHA MART | D22: 410000 | E22: INR | F22: captured | G22: 60 | H22: APAC | I22: U007 | J22: UPI | K22: =LOWER(TRIM(C22)) -> alpha mart | L22: =LOWER(TRIM(F22)) -> captured | M22: =IF(L22="captured","completed", IF(L22="failed e05 timeout","failed", IF(L22="chargeback","chargeback", "pending"))) -> completed | N22: =UPPER(TRIM(H22)) -> APAC | O22: =TRIM(J22) -> UPI | P22: =IFERROR(VALUE(G22),0) -> 60 | Q22: =TEXT(B22,"dd-mm-yyyy") & E22 -> 06-03-2026INR | R22: =_xlfn.XLOOKUP(Q23, exchange_rates!D:D, exchange_rates!C:C) -> 1.08 | S22: =D22 * R22 -> 442800 | T22: =IF(AND(N22="APAC", S22>5000),1, IF(AND(N22="EU", S22>6000),1, IF(AND(N22="US", S22>7000),1,0))) -> 1 | U22: =IF(OR(P22>=70, ISNUMBER(SEARCH("chargeback", L22))),1,0) -> 0
A23: T023 | B23: 46082 | C23: City Pharma | D23: 5200 | E23: EUR | F23: Captured | G23: 42 | H23: EU | I23: U003 | J23: Card | K23: =LOWER(TRIM(C23)) -> city pharma | L23: =LOWER(TRIM(F23)) -> captured | M23: =IF(L23="captured","completed", IF(L23="failed e05 timeout","failed", IF(L23="chargeback","chargeback", "pending"))) -> completed | N23: =UPPER(TRIM(H23)) -> EU | O23: =TRIM(J23) -> Card | P23: =IFERROR(VALUE(G23),0) -> 42 | Q23: =TEXT(B23,"dd-mm-yyyy") & E23 -> 01-03-2026EUR | R23: =_xlfn.XLOOKUP(Q24, exchange_rates!D:D, exchange_rates!C:C) -> 1.09 | S23: =D23 * R23 -> 5668 | T23: =IF(AND(N23="APAC", S23>5000),1, IF(AND(N23="EU", S23>6000),1, IF(AND(N23="US", S23>7000),1,0))) -> 0 | U23: =IF(OR(P23>=70, ISNUMBER(SEARCH("chargeback", L23))),1,0) -> 0
A24: T024 | B24: 46083 | C24: Eco Home | D24: 6100 | E24: EUR | F24: chargeback | G24: score:65 | H24: EU | I24: U004 | J24: Card | K24: =LOWER(TRIM(C24)) -> eco home | L24: =LOWER(TRIM(F24)) -> chargeback | M24: =IF(L24="captured","completed", IF(L24="failed e05 timeout","failed", IF(L24="chargeback","chargeback", "pending"))) -> chargeback | N24: =UPPER(TRIM(H24)) -> EU | O24: =TRIM(J24) -> Card | P24: =IFERROR(VALUE(G24),0) -> 0 | Q24: =TEXT(B24,"dd-mm-yyyy") & E24 -> 02-03-2026EUR | R24: =_xlfn.XLOOKUP(Q25, exchange_rates!D:D, exchange_rates!C:C) -> 1.08 | S24: =D24 * R24 -> 6588 | T24: =IF(AND(N24="APAC", S24>5000),1, IF(AND(N24="EU", S24>6000),1, IF(AND(N24="US", S24>7000),1,0))) -> 1 | U24: =IF(OR(P24>=70, ISNUMBER(SEARCH("chargeback", L24))),1,0) -> 1
A25: T025 | B25: 46084 | C25: City Pharma | D25: 2800 | E25: EUR | F25: captured | G25: 38 | H25: eu | I25: U005 | J25: Wallet | K25: =LOWER(TRIM(C25)) -> city pharma | L25: =LOWER(TRIM(F25)) -> captured | M25: =IF(L25="captured","completed", IF(L25="failed e05 timeout","failed", IF(L25="chargeback","chargeback", "pending"))) -> completed | N25: =UPPER(TRIM(H25)) -> EU | O25: =TRIM(J25) -> Wallet | P25: =IFERROR(VALUE(G25),0) -> 38 | Q25: =TEXT(B25,"dd-mm-yyyy") & E25 -> 03-03-2026EUR | R25: =_xlfn.XLOOKUP(Q26, exchange_rates!D:D, exchange_rates!C:C) -> 1.09 | S25: =D25 * R25 -> 3052 | T25: =IF(AND(N25="APAC", S25>5000),1, IF(AND(N25="EU", S25>6000),1, IF(AND(N25="US", S25>7000),1,0))) -> 0 | U25: =IF(OR(P25>=70, ISNUMBER(SEARCH("chargeback", L25))),1,0) -> 0
A26: T026 | B26: 46086 | C26: Eco Home | D26: 3300 | E26: EUR | F26: Failed E05 Timeout | G26: 44 | H26: EU | I26: U006 | J26: NetBanking | K26: =LOWER(TRIM(C26)) -> eco home | L26: =LOWER(TRIM(F26)) -> failed e05 timeout | M26: =IF(L26="captured","completed", IF(L26="failed e05 timeout","failed", IF(L26="chargeback","chargeback", "pending"))) -> failed | N26: =UPPER(TRIM(H26)) -> EU | O26: =TRIM(J26) -> NetBanking | P26: =IFERROR(VALUE(G26),0) -> 44 | Q26: =TEXT(B26,"dd-mm-yyyy") & E26 -> 05-03-2026EUR | R26: =_xlfn.XLOOKUP(Q27, exchange_rates!D:D, exchange_rates!C:C) -> 1 | S26: =D26 * R26 -> 3300 | T26: =IF(AND(N26="APAC", S26>5000),1, IF(AND(N26="EU", S26>6000),1, IF(AND(N26="US", S26>7000),1,0))) -> 0 | U26: =IF(OR(P26>=70, ISNUMBER(SEARCH("chargeback", L26))),1,0) -> 0
A27: T027 | B27: 46082 | C27: DELTA TRAVELS | D27: 7200 | E27: USD | F27: captured | G27: 49 | H27: us | I27: U007 | J27: Card | K27: =LOWER(TRIM(C27)) -> delta travels | L27: =LOWER(TRIM(F27)) -> captured | M27: =IF(L27="captured","completed", IF(L27="failed e05 timeout","failed", IF(L27="chargeback","chargeback", "pending"))) -> completed | N27: =UPPER(TRIM(H27)) -> US | O27: =TRIM(J27) -> Card | P27: =IFERROR(VALUE(G27),0) -> 49 | Q27: =TEXT(B27,"dd-mm-yyyy") & E27 -> 01-03-2026USD | R27: =_xlfn.XLOOKUP(Q28, exchange_rates!D:D, exchange_rates!C:C) -> 1 | S27: =D27 * R27 -> 7200 | T27: =IF(AND(N27="APAC", S27>5000),1, IF(AND(N27="EU", S27>6000),1, IF(AND(N27="US", S27>7000),1,0))) -> 1 | U27: =IF(OR(P27>=70, ISNUMBER(SEARCH("chargeback", L27))),1,0) -> 0
A28: T028 | B28: 46083 | C28: Delta Travels | D28: 3100 | E28: USD | F28: CAPTURED | G28: risk-41 | H28: US | I28: U008 | J28: Card | K28: =LOWER(TRIM(C28)) -> delta travels | L28: =LOWER(TRIM(F28)) -> captured | M28: =IF(L28="captured","completed", IF(L28="failed e05 timeout","failed", IF(L28="chargeback","chargeback", "pending"))) -> completed | N28: =UPPER(TRIM(H28)) -> US | O28: =TRIM(J28) -> Card | P28: =IFERROR(VALUE(G28),0) -> 0 | Q28: =TEXT(B28,"dd-mm-yyyy") & E28 -> 02-03-2026USD | R28: =_xlfn.XLOOKUP(Q29, exchange_rates!D:D, exchange_rates!C:C) -> 1 | S28: =D28 * R28 -> 3100 | T28: =IF(AND(N28="APAC", S28>5000),1, IF(AND(N28="EU", S28>6000),1, IF(AND(N28="US", S28>7000),1,0))) -> 0 | U28: =IF(OR(P28>=70, ISNUMBER(SEARCH("chargeback", L28))),1,0) -> 0
A29: T029 | B29: 46085 | C29: delta travels | D29: 2500 | E29: USD | F29: chargeback | G29: score:58 | H29: US | I29: U009 | J29: Wallet | K29: =LOWER(TRIM(C29)) -> delta travels | L29: =LOWER(TRIM(F29)) -> chargeback | M29: =IF(L29="captured","completed", IF(L29="failed e05 timeout","failed", IF(L29="chargeback","chargeback", "pending"))) -> chargeback | N29: =UPPER(TRIM(H29)) -> US | O29: =TRIM(J29) -> Wallet | P29: =IFERROR(VALUE(G29),0) -> 0 | Q29: =TEXT(B29,"dd-mm-yyyy") & E29 -> 04-03-2026USD | R29: =_xlfn.XLOOKUP(Q30, exchange_rates!D:D, exchange_rates!C:C) -> 1 | S29: =D29 * R29 -> 2500 | T29: =IF(AND(N29="APAC", S29>5000),1, IF(AND(N29="EU", S29>6000),1, IF(AND(N29="US", S29>7000),1,0))) -> 0 | U29: =IF(OR(P29>=70, ISNUMBER(SEARCH("chargeback", L29))),1,0) -> 1
A30: T030 | B30: 46087 | C30: DELTA TRAVELS | D30: 1800 | E30: USD | F30: Failed E05 Timeout | G30: score:47 | H30: US | I30: U010 | J30: UPI | K30: =LOWER(TRIM(C30)) -> delta travels | L30: =LOWER(TRIM(F30)) -> failed e05 timeout | M30: =IF(L30="captured","completed", IF(L30="failed e05 timeout","failed", IF(L30="chargeback","chargeback", "pending"))) -> failed | N30: =UPPER(TRIM(H30)) -> US | O30: =TRIM(J30) -> UPI | P30: =IFERROR(VALUE(G30),0) -> 0 | Q30: =TEXT(B30,"dd-mm-yyyy") & E30 -> 06-03-2026USD | R30: =_xlfn.XLOOKUP(Q31, exchange_rates!D:D, exchange_rates!C:C) -> 0 | S30: =D30 * R30 -> 0 | T30: =IF(AND(N30="APAC", S30>5000),1, IF(AND(N30="EU", S30>6000),1, IF(AND(N30="US", S30>7000),1,0))) -> 0 | U30: =IF(OR(P30>=70, ISNUMBER(SEARCH("chargeback", L30))),1,0) -> 0

Sheet merchant_master
A1: merchant_id | B1: merchant_name | C1: account_manager | D1: merchant_category | E1: default_region | F1: merchant_name_helper
A2: M001 | B2: Alpha Mart | C2: Aisha Khan | D2: Grocery | E2: APAC | F2: =LOWER(TRIM(B2)) -> alpha mart
A3: M002 | B3: Beta Stores | C3: Rohan Mehta | D3: Electronics | E3: APAC | F3: =LOWER(TRIM(B3)) -> beta stores
A4: M003 | B4: City Pharma | C4: Elena Rossi | D4: Healthcare | E4: EU | F4: =LOWER(TRIM(B4)) -> city pharma
A5: M004 | B5: Delta Travels | C5: Marcus Lee | D5: Travel | E5: US | F5: =LOWER(TRIM(B5)) -> delta travels
A6: M005 | B6: Eco Home | C6: Nina Weber | D6: Home | E6: EU | F6: =LOWER(TRIM(B6)) -> eco home

Sheet exchange_rates
A1: rate_date | B1: currency | C1: usd_rate | D1: rates
A2: 46082 | B2: INR | C2: 0.0119 | D2: =TEXT(A2,"dd-mm-yyyy") & B2 -> 01-03-2026INR
A3: 46082 | B3: EUR | C3: 1.08 | D3: =TEXT(A3,"dd-mm-yyyy") & B3 -> 01-03-2026EUR
A4: 46082 | B4: USD | C4: 1 | D4: =TEXT(A4,"dd-mm-yyyy") & B4 -> 01-03-2026USD
A5: 46083 | B5: INR | C5: 0.012 | D5: =TEXT(A5,"dd-mm-yyyy") & B5 -> 02-03-2026INR
A6: 46083 | B6: EUR | C6: 1.09 | D6: =TEXT(A6,"dd-mm-yyyy") & B6 -> 02-03-2026EUR
A7: 46083 | B7: USD | C7: 1 | D7: =TEXT(A7,"dd-mm-yyyy") & B7 -> 02-03-2026USD
A8: 46084 | B8: INR | C8: 0.0121 | D8: =TEXT(A8,"dd-mm-yyyy") & B8 -> 03-03-2026INR
A9: 46084 | B9: EUR | C9: 1.08 | D9: =TEXT(A9,"dd-mm-yyyy") & B9 -> 03-03-2026EUR
A10: 46084 | B10: USD | C10: 1 | D10: =TEXT(A10,"dd-mm-yyyy") & B10 -> 03-03-2026USD
A11: 46085 | B11: INR | C11: 0.012 | D11: =TEXT(A11,"dd-mm-yyyy") & B11 -> 04-03-2026INR
A12: 46085 | B12: EUR | C12: 1.07 | D12: =TEXT(A12,"dd-mm-yyyy") & B12 -> 04-03-2026EUR
A13: 46085 | B13: USD | C13: 1 | D13: =TEXT(A13,"dd-mm-yyyy") & B13 -> 04-03-2026USD
... A19: 46087 | B19: USD | C19: 1 | D19: =TEXT(A19,"dd-mm-yyyy") & B19 -> 06-03-2026USD
